﻿CleanText;Rating
je fais partie de contributeurs de la premi heure ceux qui ont cru en votre vision qui ont investi non seulement de l argent mais de la confiance en retour nous avon eu droit quo voir plus;1
j aime le fait qu il n ait pa besoin abonnement la bague et l application fonctionnent parfaitement ensemble et j obtiens toutes le information dont j ai besoin sans frais suppl mentaires;5
bague qui fonctionner 2 ou 3jours service client contact dans la foul e garantie 92183 aucune r activit apres 8mois change il demandent de renvoyer la bague pour remboursement voir plus;1
une version slim qui fait clairement la diff rence fiable et discr te niveau software le phase de sommeil ne sont pa toujours bien tect e surtout pour l veil en attente une synch voir plus;4
arnaque entreprise circular sur kickstarter circular lanc une campagne de financement travers kickstarter pour un nouvel anneau nomm circular 2 en mar 2025 une de promesses principale lors cette campagne de fournir toutes le fonctionnalit actuelles et future sans souscription ou abonnement lors un roul de la campagne 2 objectifs goal ont atteints bloquant ainsi 2 fonctionnalit suppl mentaires suivi pression art rielle et suivi du glucose ce fonctions de suivi tant de fonctions tr int ressantes pour leurs utilisateurs sont de puissants argument commerciaux afin de que la campagne puisse attirer un maximum de contributeurs le contributeurs la campagne ont ailleurs imm diatement augment de mani significative au vu de l int r et de condition acc sans frais ce fonctionnalit aucun moment lors de la campagne circular n mentionn le principe un abonnement sur le fonctions de la bague et ceci jusqu la cl ture de la campagne le 27 juillet 2025 apr la cl ture de la campagne et juste avant le de l envoi de bagues circular fait changer le termes de la campagne par kickstarter en int grant la mention un abonnement pour le fonctions se situant en objectifs suivi de la pression arterielle et du glucose ce jour et malgr de nombreuses demandes de contributeurs circular n est pa revenu en arri sur son intention de mettre en place un abonnement ni ne laisse de possibilit annuler la commande et de se faire rembourser;1
une trahison la hauteur de votre silence je fais partie de contributeurs de la premi heure ceux qui ont cru en votre vision qui ont investi non seulement de l argent mais de la confiance en retour nous avon eu droit quoi une volta face commerciale honteuse de promesses pi tin e et maintenant cerise sur le g teau la censure pure et simple vos engagement initiaux incluaient de fonctionnalit de sant ambitieuses pression art rielle glyc mie int gr e dans le produit aujourd hui vous le transformez en option payantes sans avertissement sans discussion et surtout sans respect ce n est pa un changement de cap c est une escroquerie peine gui e et plut que ouvrir le dialogue vous avez choisi la voie la plus l che supprimer le commentaires critique et bloquer ceux qui osent exprimer leur ception un pris total de votre communaut vous ne supportez pa la transparence ou est ce la v rit qui vous range ceux qui vous rejoindraient demain fuyez car derri le paillettes marketing se cache une r alit bien plus sombre une quipe qui renie s promesses prise s soutiens et efface le trace de s propres renoncements nous avon soutenu un projet pa une entreprise de microtransactions malhonn te honte vous;1
arnaque circular sur kickstarter circular lanc une campagne de financement travers kickstarter pour un nouvel anneau nomm circular 2 en mar 2025 une de promesses principale lors cette campagne de fournir toutes le fonctionnalit sans abonnement lors de la r alisation de la campagne 2 objectifs goal ont atteint bloquant ainsi 2 fonctionnalit suppl mentaires suivi pression art rielle et suivi du glucose ce fonctions de suivi tant de fonctions tr int ressantes pour leurs utilisateurs sont de puissants argument commerciaux afin de que la campagne puisse attirer un maximum de contributeurs aucun moment lors de la campagne circular n mentionn le principe un abonnement sur le fonctions de la bague et ceci jusqu la cl ture de la campagne le 27 juillet 2025 apr la cl ture de la campagne et juste avant le de l envoi de bagues circular fait changer le termes de la campagne par kickstarter en int grant la mention un abonnement pour le fonctions se situant en objectifs suivi de la pression arterielle et du glucose ce jour et malgr de nombreuses demandes de contributeurs circular n est pa revenu en arri sur son intention de mettre en place un abonnement ni ne laisse de possibilit annuler la commande et de se faire rembourser;1
depuis que je porte cette bague depuis que je porte cette bague je dors plus profond ment l application guide avec de bons conseils simple je sen mieux chaque matin;5
nul cette soci ne tiens pa s engagement produits fectueux au bout de 4 mois pa possible de remplacer et toujours pa rembours depuis 8 mois fuir pire service consommateur jamais vu le pauvres conseillers font ceux qui il peuvent pour supporter leur manager incomp tent;1
avis 9 le temp passe inexorablement r sum de pisodes commande 92668 14 06 24 prise de contact car circular slim est h 20 07 24 renvoi de la bague avec tiquette pr pay e 23 07 24 r ception par circular et depuis comme beaucoup je fais balader avec de fausses promesses j redressement judiciaire de circular en date du 8 10 24 donc comprend mieux le fait que le remboursements ne viennent pa le avoirs sont gel 6 07 25 tiens tiens toujours pa de remboursement j ai eu l argument de la liste attente bien r j ai saisi le diateur et circular n pa r pondu tape suivante avec signal conso circular n pa non plus r pondu il int ressent leurs client en sav donc je viens de contacter protection juridique car l depuis le 14 06 24 devient lassant pour circular vous allez avoir plus de frais de justice que mon remboursement de 273 mais ce n est pa mon probl ce n est pa faute avoir patient;1
n esperez pa passer la bague au n esperez pa passer la bague au doigt circular n est que du vent circular ne fabrique pa il revend un produit circular est un miroir aux alouettes brille beaucoup pour attirer mais il n rien derri si ce n est un coup de fusil circular n est rien autre qu un pi ge gogo une chose est si vous aimez le gadget et perdre de l argent c est le bon plan de triste exp rience;1
c est agr able de ne pa avoir besoin c est agr able de ne pa avoir besoin un abonnement la bague et l application fonctionnent parfaitement ensemble et j obtiens tout ce dont j ai besoin avec elles;5
j aime le fait qu il n ait pa besoin j aime le fait qu il n ait pa besoin abonnement la bague et l application fonctionnent parfaitement ensemble et j obtiens toutes le information dont j ai besoin sans frais suppl mentaires;5
la saga continue la saga continue toujours pa de remboursement effectif de commande pas e le 17 octobre 2024 il r pondent toujours tr gentiment qu il vont occuper rapidement de r soudre le probl mais il ne font rien apr avoir voqu de mani dilatoire plusieurs raisons de non remboursement dont la fameuse liste attente ou la fameuse adresse email pour le soi disant remboursement je pense que le rieux ou l honn tet n est pa la caract ristique principale de votre entreprise;1
aucune garantie bague qui fonctionner 2 ou 3jours service client contact dans la foul e garantie 92183 aucune r activit apres 8mois change il demandent de renvoyer la bague pour remboursement bague renvoy e en cembre aucune nouvelle malgr de relances passez votre chemin avec cette soci et cette bague si vous ne voulez pa perdre votre argent;1
passez votre chemin apr avoir essay obtenir pendant plusieurs mois un deuxi remplacement de bague j ai finalement demand un remboursement dure depuis fin cembre fait de notre mieux comprend votre frustration nous faisons tout notre possible bref que du pipo j ai j laiss un message ici il trois mois j ai eu la r ponse que beaucoup est sol va prendre contact et r gler le probl rapidement pa de contact pris et probl toujours pa r gl ce point l je pense qu peut consid rer que c est une arnaque;1
mefiez vous fuyer fiez vous il ne respecte pa le lais de r tractation j ai eu le malheur avoir acheter une circular ring quelques jours avant la sortie de la slim la premi n tant pa fiable j avais demand le remboursement de la slim et de la ring aucun de 2 n rembours il sont tr fort pour vous faire tourner en rond il pr textent de lais administratives et promettent de revenir vers vous mais pa de nouvelle et quand vous faites un rappel il donnent autres excuse il sont tr fort;1
attention grosse arnaque et scam attention grosse arnaque et scam promesse de remboursement et ou envoi de bague bidon attention ne vous faites pa avoir plus de 2 an attente commande en 2022 bagues mal finies qui arr tent et non fonctionnelles;1
mauvaise exp rience suite un soucis de taille de la bague le support propos de renvoyer la taille en dessous plut qu un remboursement ne voyant rien arriver le support dit qu il faudrait que j attende 3 mois pour la recevoir j ai demand alors un remboursement remboursement que j attends toujours depuis plus 1 mois maintenant malgr de multiple relances et qu il fallu que je demande via paypal car la proc dure standard n pa march la personne du support toujours r pondu me relances mais ne peut apparemment rien faire pour aider au remboursement;1
parfait petit compagnon agr able porter et tr utile pour conna tre s donn e corporelles id al comme assistant de suivi de sant;5
circular slim anneau fragile et non fiable circular slim command fin 2023 u en mar 2024 fonctionnement normal pendant 3 semaines puis l anneau est mort remplacement qui pris 1 2 mois le nouvel anneau fonctionn normalement 2 mois je pr cise que pour le 2 anneau j ai fait vraiment attention je ne le portais plus en faisant du sport pour ne pa l ab mer bref je r sou demander un remboursement 4 mois plus tard je suis toujours dans l attente un remboursement et balade pour demander tre patient et que va venir en r sum anneau tr fragile et non fiable service client ne faisant pa son boulot obtenir un remboursement pour un produit fectueux semble impossible;1
exp rience catastrophique viter j ai u 3 bagues et chaque fois la batterie n pa tenu plus de 6 mois maintenant cela fait pr un mois que j attends un remboursement mais rien ne vient bref c est le constat que pour beaucoup autres client;1
circular ring slim est tellement simple circular ring slim est tellement simple utiliser et ajuste parfaitement le information de sant sont tr pr cis et l alarme vibrante est un joli ajout;5
ce tracker de sant est incroyable ce tracker de sant est incroyable et le meilleur c est qu il n pa abonnement le suivi du stress est une super fonctionnalit et l application fournit de nombreuses donn e utiles;5
je fais partie de contributeurs de la premi heure ceux qui ont cru en votre vision qui ont investi non seulement de l argent mais de la confiance en retour nous avon eu droit quo voir plus;1
j aime le fait qu il n ait pa besoin abonnement la bague et l application fonctionnent parfaitement ensemble et j obtiens toutes le information dont j ai besoin sans frais suppl mentaires;5
bague qui fonctionner 2 ou 3jours service client contact dans la foul e garantie 92183 aucune r activit apres 8mois change il demandent de renvoyer la bague pour remboursement voir plus;1
une version slim qui fait clairement la diff rence fiable et discr te niveau software le phase de sommeil ne sont pa toujours bien tect e surtout pour l veil en attente une synch voir plus;4
le suivi du sommeil avec cette bague le suivi du sommeil avec cette bague est tr impressionnant elle fournit de donn e taill e et elle est si confortable que je ne la remarque pa quand je la porte;5
j ai achet cette bague il quelques j ai achet cette bague il quelques mois et elle est devenue un excellent ajout routine le suivi du sommeil est taill et l application regorge de donn e utiles;5
j utilise la circular ring slim tous j utilise la circular ring slim tous le jours et c est fantastique elle est l g confortable et suit sant parfaitement le fonctionnalit de l application sont galement excellentes;5
je suis satisfait de mon exp rience je suis satisfait de mon exp rience avec cette bague elle est incroyablement l g suit me donn e de sant correctement et l application est pleine de fonctionnalit;5
le design de cette bague est l gant et le design de cette bague est l gant et si l ger elle suit fr quence cardiaque et mon spo2 avec pr cision et l application est un outil utile pour le bien tre;5
la bague est facile porter la bague est facile porter et l autonomie de la batterie est correcte elle dure plusieurs jours elle est l g l gante et parfaite pour une utilisation quotidienne;5
cette bague est tr fine et facile cette bague est tr fine et facile porter toute la journ e elle suit la fr quence cardiaque et le sommeil avec pr cision et le exercices de respiration guid e sont vraiment utiles;5
cela tout une arnaque mise jour du 31 mar proc dure de diation conso et r pression de fraudes enclench e noter que l entreprise est en redressement judiciaire depuis ao 2024 mise jour du 21 f vrier toujours pa u de remboursement malgr relance il un mois par contre je ois bien le spam sur la nouvelle bague de promesses rien que de promesses si ici un mois rien ne bouge je vais contacter la dgccrf et le diateur conso valuation du 20 janvier ci dessous je ne relate pa le innombrables change par mail entre chaque tape parce que serum trop long sinon 2024 f vrier commande mai r ception septembre la bague est j hors service novembre remplacement annonc par le support cembre toujours pa de remplacement le support annonce un remboursement 2025 ce jour 20 janvier 2025 toujours pa rembours malgr de multiple relances je cide faire un retour trustpilot le support est r actif mais finit par se dire que ce n est qu une fa ade et qu il n rien derri je mettrai jour quand je serai enfin rembours noter que le avis positifs ci dessous sont de toute vidence de faux saute aux yeux quand prend le temp de le lira;1
fuir fuir la bague ne fonctionne pa et apr un retour demand aucun remboursement cela fait un que j attends et que l promet acc l rer le remboursement suite la r ponse de circular c est exactement ce que l r pond tous me mail depuis un;1
arnaque totale arnaque totale fuir j ai pay bague il 3 an vous vous rendez compte suite non r ception de bague apr 2 an j ai demand un remboursement et cela fait 1 qu il baladent dire nous somme en train de r soudre le souci et faisons le n cessaire pour acc l rer le processus mais rien aucun remboursement l horizon depuis 1 ce sont de manipulation pour ne rien rembourser ne leur faites pa confiance;1
du nouveau dans situation du nouveau dans situation il remboursent 164 06 euro au lieu de 254 06 bon je leur ai rappel certains article de code de la consommation et du code civil il sont vraiment magique ou sont pas le 90 euro manquant j ose esp rer qu il vont revoir leur copie avant que je passe l tape sup rieure le sav est assez r actif mais je pense bien brid par leur direction passez neanmoins votre chemin;1
fuyez circular ring slim v1 allez perdre temp et argent ailleurs bague circular slim v1 267 80 command e le 21 02 2024 ue 13 05 2024 avec promesse de livraison un 2 chargeur pour avoir autant attendu mais chargeur jamais u et bague totalement h le 18 10 2024 multiple change dilatoires avec le bot relna ou r pond comme tel entre le 19 10 2024 et le 19 12 2024 et depuis plus de son ni image seulement 2 mail u avec remise gracieuse annonc e env 85 pour remettre 100 dans leur bague v2 lorsqu elle serum commercialis e et v1 annonc e abandonn e au passage mais de qui se moque agissant un sav pour un objet attendu 3 mois et qui fonctionn 5 mois fuyez;1
pire exp rience client bonjour produit command en novembre 2023 u en janvier 2024 totalement cess de fonctionner le 20 02 2024 apr plusieurs change avec le service client refonctionne le 26 02 produit fonctionne de mani fectueuse partir du 27 05 apr de tr nombreux change avec le support et renvoi du produit pour analyse il est finalement chang le 03 09 2024 produit cesse totalement de fonctionner le 08 11 2024 nombreux change en cours avec le support pa de r solution date circular produit et support est pire exp rience client;1
compagnie diocre lente avec service la client le pourri j ai achet une bague en juin 2023 pour atteindre 6 mois de livraison pour avoir une bague qui tait fectueuse et qui dur e quelques semaines seulement maintenant cela fait maintenant plus un que j attends apr bague de remplacement et circular invente toutes sortes de conneries la compagnie est diocre personne ne va acheter de cette petite entreprise dans me contact je n ai jamais vu une compagnie aussi path tique noter que la date de l exp rience ci ba n est pa bonne car je ne pouvais pa aller plus loin que le 32 cembre 2023;1
un sav plorable un sav plorable apr plus un mois attente je n ai jamais u le produit le soucis de livraison et de logistique existent je ne leur en tiens pa rigueur le vrai probl est le service apr vente personne n jamais capable de donner une date approximative de livraison le r pons se contredisent le unes le autres et n taient que de copier coller de message pr r dig qui ne veulent rien dire apr deux semaines de palabres inutiles il ont enfin consenti rembourser l achat mais je suis retrouv sans cadeau offrir le soir de l le produit est certainement de qualit mais cela ne fait pa tout une grosse remise en question est pr voir;1
bague circular jamais vue pa exp di e mais r glement encaiss bague connect e command e le 8 novembre dernier 2024 exp dition toujours repouss e pour de multiple raisons fallacieuses et toujours pa exp di e le 27 cembre 2024 et encore moins ue il ne savent qu envoyer de courriels de report et retard pour diverses raisons annul la commande ce jour 27 12 2024 en attendant un remboursement complet car commande non ex cut e;1
fuir de toute urgence fuir de toute urgence j ai rep r cette entreprise dans la c l bre mission de m6 le concept et le produit ont vraiment emball e j ai attendu longtemps qu il se veloppent et mettent en vente la bague j croyais vraiment beaucoup j ai donc fait l achat de bague en novembre 2022 pour une livraison pr vue en mai 2023 le choses ont de suite mal commenc sachant que bague livr e avec plus de six mois de retard la taille n tait pa bonne en plus car entre deux tailles je l ai perdue j en ai donc rachet e une autre encore une fois en leur faisant confiance et depuis ce jour le cauchemar je n ai eu que de soucis le prix de la bague j con quent et j avais achet en plus la garantie expr quand ce n tait pa la bague qui ne se synchronise plus avec l application c tait de probl me de fonctionnement et de mesure de information de sant un peu le principal bref il avait toujours de probl me et cela mettait de semaines tre r solu en tout chang quatre fois la bague et chaque fois il eu de probl me et elles ne fonctionnait plus je crois que je l ai utilis au maximum un mois con cutif entre le service client et le 25 op rateurs diff rent auquel l affaire et qui r pondent chacun une version diff rente c est la catastrophe je demande un remboursement car j en ai plus qu assez avoir pay presque 300 pour un produit que je ne peux pa utiliser r pond qu il sont pr t envoyer le nouveau prototype de la bague en faisant un rabais mais que je doi rajouter 100 de poche le comble je leur maintiens que je veux un remboursement cela fait plus un mois que dure et je n ai toujours pa rembours e il essayent de gagner du temp il sortent toutes le excuse du monde abord c est parce qu il trop de demandes de remboursement en temp ensuite c est parce que si ensuite c est parce que promis un remboursement au 26 cembre 2024 maximum je sen gros comme une maison que je ne l aurais pa ici l crit pour demander une demande de remboursement paypal alors que j ai pay par carte bancaire j ai quand fait une demande de remboursement paypal pour le montant entier auquel j ai achet la bague et j attends toujours ce jour c est une honte bref produit plorable service client plorable si je n ai pa mon remboursement rapidement je saisis la justice et le association de consommateur et j irai jusqu au bout cela n que trop dur il faut arr ter de se payer la te de gen;1
cette bague rend le suivi de sant cette bague rend le suivi de sant amusant et simple j adore sa l g ret et application est remplie de fonctionnalit utiles;5
avec cette bague avec cette bague rester en bonne sant semble facile elle est super l g pr cise et application donne toutes le information j ai besoin;5
la circular ring slim int gre la circular ring slim int gre parfaitement mon mode de vie elle est l gante suit condition physique sans effort et application est bien con ue;5
je fais partie de contributeurs de la premi heure ceux qui ont cru en votre vision qui ont investi non seulement de l argent mais de la confiance en retour nous avon eu droit quo voir plus;1
j aime le fait qu il n ait pa besoin abonnement la bague et l application fonctionnent parfaitement ensemble et j obtiens toutes le information dont j ai besoin sans frais suppl mentaires;5
bague qui fonctionner 2 ou 3jours service client contact dans la foul e garantie 92183 aucune r activit apres 8mois change il demandent de renvoyer la bague pour remboursement voir plus;1
une version slim qui fait clairement la diff rence fiable et discr te niveau software le phase de sommeil ne sont pa toujours bien tect e surtout pour l veil en attente une synch voir plus;4
depuis que j utilise cette bague depuis que j utilise cette bague je sen plus en phase avec sant elle est confortable porter et application fournit de donn e pr cis et taill e;5
marceau quand j ai achet cette bague je ne attendais pa grand chose mais elle est r v l e incroyable l application fournit de mises jour claires et la bague est tr confortable;5
j utilise cette bague depuis de j utilise cette bague depuis de semaines et je ne peux plus en passer elle est g l gante et fournit de rapport taill sur sant via application;5
mon parcours fitness est devenu mon parcours fitness est devenu tellement plus facile gr ce cette bague elle suit tout parfaitement et application motive rester actif;5
fuyez achat de la premi bague circular arriv 6 mois en retard jusque l ok mais la bague tait fectueuse apr avec bataill pendant de mois il n ont pa accept de rembourser et ont envoy une seconde bague sans mon consentement alors que je n tait pa int res e aujourd hui en novembre 2024 je bataille depuis janvier 2024 pour faire rembourser le prix initiale de la bague je suis pr te renvoyer le bagues il ignorent vos mail disent qu il vous rembourseront la 14eme semaine de l ann e est en novembre incroyable puis il annulent vos demande de remboursement paypal ce jour 51 mail et aucun remboursement honteux non circular fuyez simplement car il arrive quelque chose vous n aurez pa de service client pour part c est une mise en demeure de part qu il vont tr prochainement recevoir si la situation ne se r gle pa;1
un ami recommand cette bague un ami recommand cette bague et je suis tellement content de avoir cout elle est l g l gante et rend le suivi de la sant tr simple avec application;5
routine de sant quotidienne est routine de sant quotidienne est tellement lior e avec cette bague elle est fiable la batterie dure longtemps et application est tr informative;5
je n ai pa r ali quel point je n ai pa r ali quel point j avais besoin de cette bague avant de commencer l utiliser elle est incroyablement l g et application donne toutes le information sur sant;5
lys au j tai sceptique mais cette bague convaincu elle est confortable suit tout ce dont j ai besoin et application fournit de statistiques claires;5
ne pa acheter 2d avis pour commenter la r ponse de circular mon 1ier avis circular fait cette r ponse depuis plusieurs mois sans jamais rembourser comment vont il rembourser partir de mon 1ier avis sachant qu il n aucune r f rence permettant de traiter mon dossier je r affirme mon conseil de ne pa acheter de produits cette entreprise sou peine de perdre votre argent;1
cette entreprise est malhonn te cette entreprise est malhonn te j ai u bague en ao apr 3 semaines de fonctionnement elle cess de fonctionner 3 mois de combat avec eux pour finalement obtenir un remboursement partiel sou pr texte que je n ai pa renvoy la bague dans le 15 jours elle march une semaine de trop attention arnaque dossier transmis la dgccrf j irai jusqu au bout pour r cup rer mon argent si doit en co ter mise jour du 22 11 je vous ai recontact comme demand dans votre r ponse ci dessous et voici ce que j ai u en retour bonjour ariel merci de nous avoir contact je suis reina du service client le de circular je comprends votre frustration et vous pr sente nouveau me excuse pour cette exp rience cevante je vous confirme que votre dossier cl tur car le remboursement partiel effectu si vous avez autres question ou pr occupation n h sitez pa nous en faire part nous restons votre disposition pour toute clarification suppl mentaire cordialement une vraie blague satisfaction est en r alit le dernier de leurs soucis je suis fatigu j ai mi le dossier entre le main de protection juridique incroyable qu une soci fran aise puisse se comporter impun ment de la sorte l arnaque continue de plus belle mise jour le 23 12 cette bande descrocs que j ai contact suite meut demande ont r pondu bonjour ariel merci de nous avoir contact je suis reina du service client le de circular je comprends votre frustration et je excuse sinc rement pour le rangement le message que vous avez u est g n r automatiquement apr un avis laiss sur trustpilot afin de nous assurer que toutes le pr occupation sont prises en compte et que nous avon explor toutes le option possible pour r soudre le probl je tiens vous informer que votre dossier bien cl tur par notre service financier merci de votre compr hension cest honteux ce escrocs n ont aucune thique;1
voleur je n ai qu un mot voleur retour exp rience client l anneau conna de nombreux dysfonctionnements majeurs par exemple la batterie est vide au bout de 3 4 heures le data sont erron e un gros cart est relev sur le traker pa pa de donn e sommeil et le donn e concernant le cardio n appara ssent presque jamais point positif le service client r pond aux nombreux mail mais n apporte aucune solution j ai renvoy l anneau fectueux inutilisable en septembre depuis plus rien c est purement du vol 400 euro la bague qui ne fonctionne pa du tout je conseille fortement cet achat comprend que c est une version beta mais il n vraiment aucune utilit;1
grosse ception pour une bague connect ee connect e circular j ai achet la bague connect e circular en pensant trouver un produit high tech moderne et pratique mais l installation la ception est au rendez vous le logiciel est visiblement pen pour un cran de pc sur smartphone tout est minuscule illisible et cliquer devient un parcours du combattant l interface semble tout droit sortie de ann e 90 avec de adresses mac et de noms interne compliqu tout sauf convivial en plus l application fait de erreurs r p tition rendant son utilisation encore plus frustrante comme si cela ne suffisait pa mon chargeur est tomb en panne apr seulement deux jours au lieu de simplement le remplacer le service client complique le choses pour une pi ce qui vaut peine 50 centime pour un produit de cette gamme c est vraiment inadmissible;1
une qualit diocre et un support inimaginable ce serum donc mon second message sur une exp rience totalement incroyable pour une startup qui se veut diff rente commande en ao premier dysfonctionnement apr 10 jours changement de la bague apr de multiple change r ception en septembre second dysfonctionnement 2 mois apr et le sketch recommence demande plusieurs choses de vid o de la bague sur son chargeur je ne vois pa l int r de test de chargement charge de plus de 24 heures et alors que le probl tait exactement le que la premi fois une personne charmante dialogue avec moi elle explique que tout se passera bien que le remplacement est en cours que je peux demander effectivement de changer la couleur de la bague et que je peux int grer la liste attente pour la bague de seconde g n ration je dis alors que tout va bien et que premi exp rience ao dernier est derri mois mais circular reste une soci incroyable car en 1 jour tout peut changer je ois un mail ce matin de la personne avec qui j avais chang e curieusement elle crit en anglais alors que le premier change taient en anglais elle annonce alors en fait je ne suis au courant de rien le remplacement n est pa lanc la bague restera de toute fa en noir et blablabla je reviens donc une semaine en arri en r sum fuyez cette soci une startup deux balles qui propose de produits de mauvaise qualit et un support tout simplement inexistant une jolie image de l innovation fran aise;1
je recommande j ai eu un peu de retard avec la livraison le de la r union dom mais le produit est de qualit j ai la version silver le donn e sont tr correct j utilise une smartwatch huawei et amazfit le donn e recueillir par la bague pour le suivi sant globale sont tr similaires me montres connect je l ai pa encore tester concernant le suivi sportif mais pour le reste elle est fiable la batterie tiens 2 jours en mode performance et je pense qu en mode eco sa tiens facilement 5 6 jours j avais lu que pour la synchronisation tait catastrophique la premi synchronisation tait longue 1 2 minute mais apr en g n rale c est de l ordre de 30 40 secondes petit qui fait choisir la bague le syst de vibration un travail tait fait sur la qualit du produit et surtout sur la partie logiciel application android juste un b mol concernant l application j ai mi la langue en fran ai mais l application pose de question en anglais;5
ne pa commander la suite 2 la suite de 2 avis pr c dent j ai finalement u une bague de remplacement juillet soit 3 semaines apr le dernier post celle ci fonctionn plus longtemps que la premi rappel moins de 15 jours mais pa plus de 6 semaines ensuite probl tanch qui rend la bague non fonctionnelle tenue de charge de quelques heures puis plus aucune j ai donc repris me discussion passionnantes avec le chat de circular et toujours cette capacit tourner en rond et que tout serum r solu rapidement c tait le 22 ao nous somme maintenant le 29 octobre et toujours rien entre temp propos de changer le mod le noir en rupture de stock taille 11 contre le mod le silver qui est disponible pour un remplacement imm diat j ai accept cette proposition pour entendre cette semaine que le mod le silver tait disponible au moment de la proposition mais qu elle ne l est plus dor navant et toujours aucune capacit et confirmer un quelconque lai c est la principale r gularit de circular la cha ne approvisionnement est une boite noire qu il ne semblent aucunement triser bref toujours aucune id e si je recevrais un jour une bague r ellement fonctionnelle ni sou quel lai pour autant voit sur leur site que de promesses de livraison sou 2 semaines quelle blague je confirme donc me avis pr c dent de passer son tour et conomiser le prix con quent un quipement qui n est pa aboutit qualitativement et auquel il n existe aucun service client digne de ce nom dit 29 10 12h quelle rapidit de r ponse de circular avec exactement le type de message qui n apporte aucune r ponse comme c est le ca lors de tout autre change voyons quel r sultat cela apporte en tout ca une vraie volont de contr ler l image projet e sur le communaut en reconnaissant de imperfection mais en n apportant aucun correctif suivre;1
aucun service apr vente aucun remboursement malgr de nombreuses promesses faites par circular travers de interlocuteurs chaque fois diff rent et ce apr un achat r ali en novembre 2023 selon moi il ne faut donner aucune confiance cette entreprise;1
le service client est lamentable le service client est lamentable je commande une bague en mar j je doi attendre 2 mois avant de la recevoir le paiement pr lev imm diatement par contre dysfonctionnement en juin et depuis toujours rien l envoi doit toujours tre r ali la semaine prochaine de vagues excuse sur la g ne rencontr e mais aucune action r elle je pense de plus en plus une arnaque et je vais rapprocher de la justice pour essayer de r cup rer mon argent;1
un support client affreux j ai command 2 bagues en mai j en tai tr content le premier mois mais l une entre elle cess de fonctionner au bout un mois arrive je contacte le support un peu lent de v rifications effectuer confirme l envoi une nouvelle bague en juillet pour ao toujours pa de nouvelle bague le support demande juste attendre;1
bague jamais livr e et jamais rembours e bague command e en juin 2022 oui oui 2022 jamais livr e demande de remboursement effectu e en cembre 2023 jamais rembours courrier avec ar envoy l adresse du si ge social courrier retourn personne cette adresse personne ne r pond plus ni par email ni sur le r seaux sociaux fuyez c est une arnaque je vais poser une plainte aupr du procureur de la r publique pour escroquerie fuyez vraiment;1
je fais partie de contributeurs de la premi heure ceux qui ont cru en votre vision qui ont investi non seulement de l argent mais de la confiance en retour nous avon eu droit quo voir plus;1
j aime le fait qu il n ait pa besoin abonnement la bague et l application fonctionnent parfaitement ensemble et j obtiens toutes le information dont j ai besoin sans frais suppl mentaires;5
bague qui fonctionner 2 ou 3jours service client contact dans la foul e garantie 92183 aucune r activit apres 8mois change il demandent de renvoyer la bague pour remboursement voir plus;1
une version slim qui fait clairement la diff rence fiable et discr te niveau software le phase de sommeil ne sont pa toujours bien tect e surtout pour l veil en attente une synch voir plus;4
aucune nouvelle j ai command une bague circular qui devait tre livr e en moins de 2 semaines et apr 3 semaines aucune nouvelle par contre le pr l vement bien effectu ce n est ni correct ni rieux;1
avis 4 partage exp rience avis 4 3 mois apr association client mecontent partagez votre experience et vos change de mail avec marco sur circular sav probleme gmx fr note 1 bravo circular pour votre passage sur 66 minute en expliquant votre volont de veloppement par contre pensez vous occupez dee vos client actuels pour commencer note 2 inutile de repondre que vous te navr de la situation que vous comprenez le contentement et queo mon dossier est prioritaire car ca fait 4 mois que vous ne tenez pa vos engagement historique 24 juin contact avec le service client pour remplacement dee bague 26 juin validation de la demande et du remplacement et demande de renvoi de la bague qui dysfonctionne 2 juillet demande dee confirmation de la bonne r ception de bague suite une notification de la poste 2 juillet confirmation du service client de la r ception et de la validation finitive du remplacement 8 juillet message de part pour demander quand serum envoy la nouvelle 9 juillet r ponse apr v rification votre bague serum pamis la prochaine vague de livraison du mi juillet 24 juillet toujours rien ni bague ni information mais le site indique envoi en moins de 15 jours 26 ao vous figurez j sur notre liste de priorit et ne va pa tre long 1 mois de plus et continue dans l exp rience utilisateur ceptif incapable de tenir un engagement;1
design et g ret duisants mais le design et g ret duisants mais le fonctionnalit doivent encore liorer l int gration avec google fit est un plus;5
tr satisfait suivi de l oxyg ne dans le sang tr satisfait suivi de l oxyg ne dans le sang essentiel pour g rer mon asthme mon bien tre est nettement lior gr ce cette fonctionnalit;5
bague confortable bague confortable mais application est parfois confus et lente charger le donn e;5
je porte facilement la bague je porte facilement la bague pour le style bravo le gar;5
mieux vaut payer un peu plus pour avoir une meilleure qualit chez la concurrence le avis ont toujours mitig avec de argument de vente qui sont tr bons mais dont la r alit est toute autre j ai un ami qui lui la bague de chez oura depuis 2 an et voulu compar du coup j ai achet il 1 mois la bague circular slim j ai assez u de mon exp rience et regrette plus qu autre chose mon achat que je ne sais pa renvoyer vu que j ai pas le 14 jours de r tractations l gale en r sum une ia int gr e qui se vend comme coach personnel mais qui ne fait que lira no information pour mettre sou forme de texte qui plus est souvent de erreurs de lecture de conseils qui prennent pa en compte la r alit ou de conseils ridicule du style vous avez eu un sommeil agit cette nuit vous devriez faire de la ditation bah si j ai eu un sommeil agit c est parce qu il faisait 28 dans chambre c est tout mesures sur valu e l g n ralement c est l inverse en tant mon bureau au travail je fais 7000 pa sur la journ e mieux encore au niveau de calorie br l e je suis 2900kcal par jour je demande pourquoi je ne perds pa de poids vu que je mange moins de 2400kcal type activit tronqu consid souvent que je suis en activit sportive et non en zone de stress alors que je suis juste en crise de panique quand je fais de siestes de 30 minute je suis juste dans une p riode calme valuation de la qualit du sommeil subjective quand j ai pas une bonne nuit malgr le peu heure de sommeil mon score est faible si je fais pa au minimum 9h de sommeil comme j ai indiqu dans mon id al de vie mon score est faible de conseils par notification sur le bonnes p riodes pour faire telle ou telle chose honn tement autant ne rien dire parce que se base sur rien du tout proposer de activit mentales 22 30 repassera synchronisation de donn e tr lentes mais alors tr tr lente en moyenne j ai chronom tr avec 2 fois par jour matin soir il faut compter pr de 56 secondes qualit de fabrication faible la peinture se grade tr vite je vois j de griffes apr 1 mois service client quand je demande de l aide r pond assez vite je comprends pa le avis qui disent le contraire parce que je n ai jamais eu de souci en revanche avec tous le soucis que j ai eu j ai tre beaucoup trop en contact avec eux et tir en longueur mon chargeur ne fonctionnait plus au bout de 4 jours plut que de simplement en renvoyer un autre je devais faire de march et test pendant de heures au final j ai pay moi la livraison un nouveau chargeur qui co plus de 30 avec la livraison dont le prix est exorbitant bref niveau exp rience je suis pa convaincu du tout donne de bonnes base mais ne rite pa du tout de demander un prix comme celui ci si elle est moins cher que la concurrence si j avais su j aurais donn 100 de plus pour assurer de la qualit de celle ci;2
la bague suit la sant sans probl et la bague suit la sant sans probl et donne de conseils personnalis via application tr impressionn;5
bague morte apr 1 mois et demi utilisation j adore le fonctionnalit mais malheureusement apr 1 mois et demi utilisation la bague est arr e pourtant rien de myst rieux je l ai juste port e tous le jours dans mon quotidien elle est galement ray e tr facilement mais c est pa tellement le probl pour moi j aurais aim qu elle dure plus longtemps que 250 pour 1 mois c est l ger en termes de qualit produit;1
une bague totalement inutile et absolument pa fiable j ai command cette bague lorsqu elle tait en vente sur kickstarter la bague mi 2 an pour arriver alors qu un lai de 6 mois tait annonc la synchronisation de la bague avec l application beaucoup de mal se faire en l occurrence le donn e de sommeil ne remontent que tr rarement le quelques rares fois ou le donn e du sommeil affichent le donn e sont compl tement erron e lorsque je r veille durant la nuit la bague ne le tecte pa et contrario lorsque je passe une nuit exceptionnelle la bague affiche plusieurs veil plusieurs bug ont rapport au service client mais aucun retour et aucune prise en compte de ce bug j ai meme essay de porter 2 bagues en meme temp sur une nuit une bague professionnelle reconnue par le corp dical et la bague de circular le donn e sont radicalement diff rente sur la tr grande majorti de indicateurs taux oxyg ne dans le sang fr quence cardiaque je pense meme que l quipe de circular est consciente qu elle affiche du grand n importe quoi c est pour qu au bout de 2 an elle cid de supprimer la fonctionnalit analyse de diff rent cycle du sommeil l ger profond paradoxal je pense que rien que cette phrase parle elle meme nul besoin de rajouter tous le autres probl me rencontr;1
cette bague est inutile circular est un compagnie fantome cette bague est inutile tres chere pour ce qu elle propose resultats incorrects et aleatoires synchronisation avec l application tres longues et un jour sur trois environ la bague n enregistre ne transmet pa de donnees du sommeil l application donne trop information inutiles pour masquer le manque information reelles la societe circular n est pa en france si vous passez paris allez voir l addresse indiqu e et n est jamais joignable directement cette bague est une arnaque qui vous coutera environ 250 vous etes prevenus attendez la samsung ring;1
le premier jour avec la circular le premier jour avec la circular ring j ai impressionn par le suivi de mon sommeil et le conseils pratiques cela lior de sommeil je la recommande vivement;5
fuir ne commandez surtout pa chez circular si la bague le malheur de ne pa convenir votre doigt vous ne serez pa rembours cela fait 2 mois que je bat pour obtenir un remboursement il n rien faire chaque mail que j envoie il mettent 2 jours r pondre n importe quoi c est une arnaque;1
entreprise et produit plorable entreprise et produit plorable la slim ring command e en novembre 2023 ne fonctionne pa la synchronisation du produit avec l application est al atoire malgr le relances intempestives aupr du sav le r pons sont toujours le me en disant que le service concern alert et c est en cours le me r pons sont faites le sentiment avoir faire un chatbot vient de proposer de renvoyer le produit mais demande 20 de frais de retour c est lamentable fuir;1
jamais livr ni rembours bague command e le 15 09 2022 et jamais ue demande de remboursement faite le 04 02 2024 toujours pa rembours au 27 06 2024;1
commande une ring slim en novembre commande une ring slim en novembre 2024 92157 bague finalement livr e mi avril fonctionn un petit mois premier contact avec le service client le 21 mai et dernier ce jour aujourd hui la bague ne tenait plus la charge au mieux 4 heures en mode co et maintenant ne charge plus du tout le pire est qu elle form e l int rieur sans avoir subit de choc je pr cise dirait en fait que la batterie gonfl en partie sup rieure de la bague leur service client r pond mais il attend un retour du service concern qui lui ne r pond pa laissant penser que le gonflement pourrait tre r solu distance je r j en suis r sign contacter le service comp tent pour obtenir r paration et faire contr ler le agr ments notamment ce car une batterie gonfl e apr un mois semble dangereuse et difficilement conforme avec le test de conformit je confirme le avis sur la suppression de message sur le r seaux tout message n gatif est supprim directement en ayant fait l exp rience lors de l attente de livraison;1
la bague fonctionn une dizaine de la bague fonctionn une dizaine de jours puis est arr e n cr010310c2415002;1
pire produit pire sav j ai command une bague connect e chez circular le 19 05 2023 au prix de 292 99 euro elle devait originellement arriver en juillet 2023 elle envoy e le 22 11 2023 et ue le 28 11 2023 apr que j aie contact une premi fois le sav le 10 10 2023 apr 10 jours utilisation la bague ne fonctionnait j plus j ai donc recontact le service client le 12 12 2023 qui fait effectuer beaucoup op ration compris le 8 03 2024 donc trois mois plus tard attendre 2 4 jours de plus et de tenter de red marrer la bague finalement le 11 03 2024 le sav accept de envoyer une bague de remplacement que j ai ue le 15 03 dommage la taille n tait pa bonne j ai donc renvoy me frais la bague en question il u par circular le 5 04 le 24 04 le sav garanti qu une nouvelle bague allait tre envoy e le 24 05 constatant que le colis n avait toujours pa envoy j ai demand un remboursement citant le article l 217 4 l 217 14 du code de la consommation et le sommant de rembourser sou 14 jours le dernier message u du sav date du 11 06 garantissant que le processus de remboursement tait en cours sans pouvoir apporter de preuve concr te ainsi que je leur ai demand nous somme aujourd hui le 18 06 plus un apr mon achat j ai pu utiliser la bague pendant 10 jours au total sur cette p riode le sav semble surtout tout faire pour gagner du temp le fil reddit consacr circular et trustpilot parlent eux soit l entreprise est purement incomp tente tous le niveaux soit il agit tr basiquement une arnaque nb ce pratiques ont remont e ce jour la dgccrf edit suite la r ponse de circular j ai exig un remboursement quant votre affirmation comme quoi la bague de remplacement est envoy e comme habitude aucune preuve juste du blabla edit j ai effectivement u un mail comme quoi mon colis tait en route dommage je vais devoir encore payer pour le renvoyer chez circular parce que c est pa ce que j ai demand bande de nouilles remboursez moi pa de n gociation prochaine tape c est le conciliateur de justice tellement effort pour compenser votre amateurisme et oui la bague qui est perdue en chemin bien videmment dommage qu il n pa un seul mail pour prouver vos dires vous savez fake til make au bout un moment commence se voir edit 2 finalement peu apr avoir crit cet avis j ai obtenu mon remboursement moralit circular ne se bougera pa pour vous sans un avis sal sur trustpilot;1
attention arnaque au consommateur pa de remplacement ou remboursement du produit fectueux je suis tellement u par cette entreprise qui pourtant semblait prometteuse la plateforme de financement participatif alors tenue par de fran ai je rejoins la plupart de avis pr c dent je suis men en bateau depuis plus de 2 an et croyez le ou non 126 change de mail fiez vous vraiment vous aurez toujours une r ponse aux mail envoy et le seul objectif de ce r pons est de vous faire esp rer de vous faire patienter et au final de ne rien faire j ai achet bague circular ring le 6 mai 2022 pour ne la recevoir qu en juin 2023 pensant patience r compens e la bague n pa fonctionn plus de 10 jours de premi re pannes sont apparues la premi semaine cela aurait mettre la puce l oreille mais trop content de l avoir enfin ue je disais que le volution de l app encore en version beta permettraient de liorations pa de chargement sur l app fonctionnement de la vibration al atoire recharge partielle mais tr vite la bague pr sente de fauts de charge et devient inutilisable apr de nombreux change avec le service client une trentaine de mail contact le 22 juin 2023 il acceptent un changement de bague je leur retourne donc la premi bague ue pour ne recevoir la nouvelle qui en r alit une version beta rat e que le 15 novembre 2023 soit 5 mois apr demande de remplacement comble de l ironie la bague est envoy e sans chargeur chargeur que j ach te donc sur le site qui lui arrive en quelques jours et la charge de circular il le remboursent en excusant pour la g ne occasionn e mais apr quelques jours utilisation la bague rencontre de nouveaux probl me notamment de chargement justement c en est trop apr une nouvelle salve une trentaine de mail pour refaire faire le me test inutiles et faire perdre mon temp 2 mois de plus le remboursement est accept je retourne donc la bague le 10 janvier 2024 qu il mettent pr un mois r cup rer c est moi qui ai contacter le service colissimo pour prouver au service client qu il l avaient bien ue il font faire une demande de remboursement par paypal le 21 f vrier 2024 pour mener en bateau presque toutes le semaines en promettant le remboursement dans le jours venir finalement la demande de remboursement paypal est annul e le 6 mai dernier beau clin oeil l achat de la bague ayant fait jour pour jour 2 an auparavant il proposent de faire une nouvelle demande en assurant un traitement dans la semaine puis la semaine apr puis la semaine apr puis la semaine apr bref vous connaissez la suite cela fait de mois que cela dure il est int ressant de constater que sur leur page facebook il de tr nombreux commentaires non visibles il doivent embaucher de personnes pour simplement supprimer le commentaires n gatifs qu il oivent chaque jour par centaine je ne recommande donc absolument pa cette entreprise qui est certes tr bonne en marketing et communication mais absolument pa fiable c technique technologie et suivi client je vais maintenant laisser la justice prendre la suite car je suis puis par me nombreuses relances bon courage toutes celles et ceux qui sont dans situation;1
remboursement quasi impossible voleurs menteurs le lien de suivi de commande n pratiquement jamais fonctionnel j attends toujours mon remboursement depuis mi f vrier apr litt ralement plusieurs 10aines change par mail de promesses de remboursement venir puis en cours de demandes de la somme rembourser sur paypal annul e de promesses de remboursement ici la 12e semaine de 2024 puis sou 10 15 jours plusieurs reprises puis n en finit pa toujours autres promesses non tenues mensonges sur mensonges officiellement le service remboursement est toujours en train de process mon remboursement plus de 4 mois apr demande je suis donc r sili envoyer une lettre de mise en demeure avec accus de r ception en esp rant que cela fasse bouger le choses ce 1 toile est bien rit malgr le fait que je ne puisse rien dire sur le produit qui attirait tant c est bien dommage vous qui lisez cet avis je vous en prie fuyez allez voir la concurrence je ne sais pa il agit un probl de gestion financi ou de quoi que ce soit autre mais il semblerait que circular se repose sur l argent non rembours s client non satisfaits ne leur permettez pa de poursuivre leur tromperie edit apr la lettre de mise en demeure et mon commentaire assassin sur trustpilot j ai finalement rembours sou 10 jours tant de tracas et de soucis inutiles j tait pourtant plein espoir en achetant la bague merci circular;1
je fais partie de contributeurs de la premi heure ceux qui ont cru en votre vision qui ont investi non seulement de l argent mais de la confiance en retour nous avon eu droit quo voir plus;1
j aime le fait qu il n ait pa besoin abonnement la bague et l application fonctionnent parfaitement ensemble et j obtiens toutes le information dont j ai besoin sans frais suppl mentaires;5
bague qui fonctionner 2 ou 3jours service client contact dans la foul e garantie 92183 aucune r activit apres 8mois change il demandent de renvoyer la bague pour remboursement voir plus;1
une version slim qui fait clairement la diff rence fiable et discr te niveau software le phase de sommeil ne sont pa toujours bien tect e surtout pour l veil en attente une synch voir plus;4
remboursement sans fin j attends encore et toujours mon remboursement depuis le mois de mar alors qu il devait tre effectu sou 15 jours num ro de commande 1925536132 08 03 2024 demande paypal proc dure circular 19 03 2024 message de relance 1 r ponse du service client remboursement pr vu la 17e semaine de 2024 14 04 2024 message de relance 2 r ponse du service client remboursement en cours pr vu pour la semaine du 22 avril 2024 26 04 2024 message de relance 3 r ponse du service client remboursement serum effectu dans le 15 jours ouvrables 14 05 2024 message de relance 4 r ponse du service client remboursement ici la fin du mois 28 05 2024 nouvel demande paypal parce que je couvre que la premiere annul 28 05 2024 message de relance 5 r ponse du service client case escalated financial team urgent attention actively working resolve issue quickly possible provide update soon information 02 06 2024 message de relance 6 r ponse du service client je constate que votre remboursement est en cours de traitement et j ai repris contact avec le service concern afin de assurer que cela se fasse dans le meilleurs lais j envoie de rappel paypal et toujours rien cela fait 3 mois que je patiente et quand je fais un ni message de relance r pond nous chon de compl ter le remboursement ce mois nous vous invitons juste patienter un peu de qui se moque parle une somme con quente et je fais balader sans cesse depuis de mois j attends que vous trouviez une solution sans lai pour effectuer ce remboursement merci;1
de quoi liorer l exp rience circular la bague reste peu confortable la batterie ne tient pa plus de 2 jours c est bien plus court qu annonc le donn e ne sont pa facile comprendre un meilleur guide serait tr utile apr quelques jours utilisation de marque sont visibles sur la bague;3
remboursement impossible j ai command bague le 28 11 22 promettait un envoi au bout de 2 ou 3 mois l envoi eu lieu 6 mois plus tard manque de chance j ai chang adresse entre temp j ai donc signal aupr de circular qui prend bien en compte l information et annule l envoi et assure envoyer la nouvelle adresse silence radio pendant 6 nouveaux mois je pr f donc demander l annulation de commande demande est bien prise en compte et promet de rembourser plusieurs mois plus tard en proposant une date ferme et fixe laquelle circular engage cette fameuse date arrive aucun remboursement je relance deux semaines plus tard laissant un temp l entreprise au ca certains probl me subsistent toujours pa de remboursement mais un message excuse je relance alors une derni fois le 18 mai 2024 cette fois en mettant en demeure l entreprise de rembourser avec un lai une semaine mais rien non plus r sultat j attends toujours le remboursement j ai remarqu qu en passant par trustpilot certains content ont eu r sultat de cause alors je tente ici veuillez rembourser;1
service client l coute le service client l coute et su faire une offre tr int ressante;5
moins que pa rieux suite pour faire suite mon avis moins que pa rieux puisqu il semble qu il n ait que par trustpilot qu il soit possible avoir un contact je suis au regret de vous dire que c est mon mail du 18 04 qui pour le moment est sans r ponse de la part de circular le message automatique envoy par l ia n attendant aucune r ponse;1
bon produit mais manque de finition la bague est tr bien elle est tr fine le fonctionnalit sont tr importantes l assistant personnel est un vrai plus le faite que l application ne soit pa payante par rapport aux concurrents est galement un point important elle est waterproof seul le lais de livraison qui sont tr long sont un b mol cet achat dont je suis tr content maj du 24 06 2024 la bague rencontre de tr gros souci de connexion bluetooth et reste inaccessible pendant 1 2j si le service client est rapide r pondre le probl n est toujours pa r solu et je commence perdre patience qui plus est l autonomie est trop juste 1 2j maxi je passe une autre marque un concurrent certes un peu plus cher mais plus fonctionnel;2
je n ai tjs pa u bague circular je n ai tjs pa u bague circular command e il plus un mois;4
la p riode talonnage est sup rieur la p riode talonnage est sup rieur 14jrs comme indiqu initialement et doit lanc manuellement le conseil je doute galement de r sultats de mon sommeil profond 5 en moyenne et moins que mon apple watch donc bof pa vraiment convaincu;3
j ai achet la bague slim j ai achet la bague slim au moment de l achat il tait indiqu un lais de 15jours j ai ue la bague plus de trois mois apr puis au bout de meme pa 2 mois elle ne fonctionne plus du tout et cela fait plus un mois que j essaie avoir le support technique pour r soudre le probl et bien chaque fois il faut attendre 2h minimum pour avoir une r ponse banal qui nous dit faire ceci ou cela comme indiqu dans la doc je que j avais j fait et dit bref ce jour j attends le contact du support qui ne r pond toujours pa j imagine qu il sont bord car je doute etre la seule avec une bague qui ne fonctionne pa suite la r ponse cela fait 1 mois que j ai donn toute le info meme fait installer une app suppl mentaire sur mon l phone je laisse juste ici un avis et je suis surprise de voir la vitesse laquelle vous r pondez alors que cela fait 3h que j ai rerererere envoy un message sur le chat bot de votre site et que je n ai pa encore de r ponse;1
bien je recommande je utilise quasi tous le jours;5
appel l phonique commerciale je n ai pa acheter de produit mais je trouve moyen appeler le client qui ont mi une bague dans leur panier sans avoir effectuer le paiement appel avec un 07 juste pour savoir le pourquoi du comment;1
avis tr negatif service client inexistant et la bague service client inexistant et la bague slim ne fonctionne plus au bout de 20 jours je conseille vivement cette achat j ai essay de la remplacer le service client repond que le service technique va tudier demande cela fait deux mois;1
je porte facilement la bague je porte facilement la bague meme pour le style haha bravo le mecs achet bien apr votre passage qvema j ai achete la derni version que recomment par conte;5
enfin un concurrent fran ai enfin un concurrent fran ai je soutiens;5
bien elle gagnerait etre plus precise sur activite physique mais sinon top;4
le pire achat de vie j ai achet la circular ring slim pour deux raisons principales le suivi du sommeil et le fait que ce soit une boite fran aise c est tout simplement la pire exp rience objets high tech que j ai eu jusqu pr sent j le lais de livraison sont monstrueux et la r ception j ai ue car la bague de asp rit et fauts de fabrication c est moche pour un objet qui est cens tre port comme un bijou voit de trace de colle au niveau du capteur je demande comment peut fonctionner correctement avec ce trace ailleurs ensuite apr seulement 3 jours elle ne fonctionnait j plus elle ne vibrait plus et ne voulait plus se connecter l app j ai contact le service client et l surprise r pond en anglais super je choisis une boite fran aise et le service client ne r pond pa dans langue heureusement que je parle anglais le change ont interminables vouloir faire faire de manipulation qui ne fonctionnaient pa je sais lira une faq pour finalement dire que le probl est plus technique et serum remont plus haut en parall le j ai laiss la bague se charger compl tement et j ai supprim mon compte et recr un nouveau et l par magie refonctionn sauf qu en r alit le donn e remont e par la bague sont totalement fausses ne correspond pa du tout ce que mon apple watch remonte et pour le sommeil raison principale de l achat c est n importe quoi je fais de insomnies et je r veille souvent au milieu de la nuit pendant plusieurs heures la bague elle dit que je dormais ce moment l je suis extr mement ue moi qui voulait donner une chance une marque fran aise j aurais mieux fait de prendre une oura ring ayant la bague depuis moins de 2 semaines je vais demander un remboursement mais au vu de diff rent commentaires je n crois pa trop c est vraiment honteux;1
un concentre de technologie au doigt un concentre de technologie au doigt l appli est top aussi;5
je recommande r ponse circular;4
j ai pris la circular ring slim design j ai pris la circular ring slim design sympa suivi sante fait le boulot;5
la bague ne fonctionne pa et aucune r action constructive de votre part la bague fonctionne partiellement pendant quelques jours et ensuite plus vous faites de nouvelles version du software et moins elle marche jusqu ne plus fonctionner du tout je vous ai crit 15 fois et chaque fois vous demandez de faire de choses qui n ont aucun effet si la bague n est pa remettre en question alors c est le software et dans un tel ca rien ne marche personne est capable de dire ce qui ne marche pa et le temp passe sans une r action professionnelle et votre garantie quoi sert elle;1
je fais partie de contributeurs de la premi heure ceux qui ont cru en votre vision qui ont investi non seulement de l argent mais de la confiance en retour nous avon eu droit quo voir plus;1
j aime le fait qu il n ait pa besoin abonnement la bague et l application fonctionnent parfaitement ensemble et j obtiens toutes le information dont j ai besoin sans frais suppl mentaires;5
bague qui fonctionner 2 ou 3jours service client contact dans la foul e garantie 92183 aucune r activit apres 8mois change il demandent de renvoyer la bague pour remboursement voir plus;1
une version slim qui fait clairement la diff rence fiable et discr te niveau software le phase de sommeil ne sont pa toujours bien tect e surtout pour l veil en attente une synch voir plus;4
dommage je viens de lira le diff rent avis et je vois que le probl me remont e sont toujours plus ou moins le me que ceux que je rencontre je suis ue par ce produit c est vrai je l ai eu 2024 le 13 jour de calibrage impossible de la synchroniser elle ne vibrait plus bref 5 jours pour qu elle soit de nouveau operationnelle avec de donn e compl tement farfelues du coup n anmoins pendant ce lap de temp le service client toujours r pondu je n ai rien reprocher de ce c l moins de trois semaines apr belote et depuis eh bien c est tous le jours la surprise parfois elle ne synchronise aucune donn e le horaires de sommeil sont effectivemment souvent fausses donc inutiles le graphiques ne sont pa vraiment parlant j aime bien par contre la fonction reveil avec la vibration noter aussi qu en mode performance il faut la recharger tous le jours la mienne est j consid rablement ray e et je boss derri un cran j ai choisi cette bague parce que fran aise mais je pense que le produit n est pa abouti au final je pense que je ne l utiliserais plus tr longtemps c est finalement devenu une contraire et une source de frustration supplementaire dans vie dommage;2
bague satisfaisante bague satisfaisante je suis impressionn e par le nombre de fonctionnalit que cette bague nous offre le reveil par vibration le analysis de sommeil est le diff rent conseils de kira sont tr utiles;5
vibrez de bien tre avec la slim et kira avec la slim c est tout simplement g nial vous savez ce qui vraiment impressionn sa fonction de vibration elle est parfaite pour r veiller en douceur le matin sans l agression une alarme bruyante et quand je dite pour g rer mon stress elle envoie de l g re vibration apaisantes qui aident concentrer et g rer respiration c est incroyable de voir quel point une simple sensation peut transformer journ e et avec l assistant kira int gr e circular ring slime utilise de recommandations intelligence artificielle pour analyser me triques et fournir de conseils personnalis que ce soit pour liorer mon sommeil augmenter mon niveau activit ou r duire mon stress le conseils de kira sont toujours pertinents et adapt me besoins sp cifiques c est comme avoir un coach personnel port e de main qui guide vers un mode de vie plus sain et quilibr avec la circular slim et kira je sen vraiment connect sant une mani nouvelle et innovante c est bien plus qu une simple bague c est une v ritable source de bien tre au quotidien;5
fuyez j attends le remboursement de bague fectueuse depuis f vrier 2024 toujours de r pons standardis e navr sol je comprends nous faisons le maximum bug technique service financier en reste un non respect lib r de engagement crits et parall lement depuis mar je demande lib r ment le coordonn e du diateur de la consommation dont pend l entreprise ce renseignement pourtant obligatoire ne figure ni sur le site de circular ni sur le cgv ni sur le bons de commande et je n ai toujours aucune r ponse malgr le demandes r p e 2 violation lib r e de lois r gissant le commerce lectronique;1
tr satisfait de la bague tr satisfait de la bague je recommande pour un usage quotidien;5
produit r volutionnaire r ponse circular;5
circular fuir utilisation circular slim depuis 3 mois environ la bague se raye facilement je n ai pourtant pa un tier manuel et comme elle n est pa teint e dans la masse c est moche et tr visible le soir e l sont tect e comme du sommeil et faussent compl tement le r sultats le donn e biom triques semblent souvent farfelues l infrastructure r seau est plorable du c de circular avec de latences normes et de pannes r p titions avec perte de donn e quand la bague est quasi charg e 10 elle passe en mode mort et c est la croix et la banni pour la r veiller compter une journ e de perdue et beaucoup effort pour arriver la r veiller l autonomie est 48h en mode performance mode obligatoire si l veut surveiller son sommeil et la recharge prends plut 2h30 que le 45 minute comme annonc e bien que l application soit en fran ai tous le mail sont en anglais ce qui peut g ner beaucoup de personnes pourquoi ne pa adapter la langue chaque profil utilisateur je arr te l pour le grief je regrette avoir pen de l argent pour et r fl chi passer la concurrence;1
cevant 18 mois entre le paiement et la livraison application ficiente score calcul tr pisodiquement support donnant de aide farfelues et inutiles depuis deux mois le bilan de mon exp rience est rieusement cevant va peut tre liorer mais pour l instant j ai juste une bague moche inutile et ch;1
j appr cie vraiment de porter cette bague j appr cie vraiment de porter cette bague au quotidien il parfois quelques petits bug mais bien vite r solus;4
je viens de recevoir bague je viens de recevoir bague c est au top pour l instant h te de voir l arriv e de nouvelles fonctionnalit;5
excellent et interactif excellent et interactif;5
une bague unique en son genre une bague unique en son genre la bague circular est unique et fonctionne bien je suis mon sommeil et me nuits gr ce elle et le conseils prodigu par kira sont tr int ressants;5
viter viter la suite de commande qui mi plus de 3 mois arriver alors que le site indiqu en stock j ai u bague enfin je la mets et la trouve un peu serr apr 3 jours utilisation et 2 recharges la tenue de la batterie est vraiment bien en dessous de valeurs indiqu e sur le site alors peut tre du fait qu elle soit obligatoirement en mode perf pendant 14 jours je rends compte qu il un 10 l int rieur de la bague alors que la bo te indiqu bien la taille commande soit la taille 11 j ai donc contacte le service client qui r pondu le message ci dessous bonjour benjamin merci de nous avoir envoy ce photo je suis terriblement navr de cette erreur si la taille de votre bague ne correspond pa vous avez deux option premi option si la bague est vraiment neuve et sans rayures nous pouvons la changer gratuitement vous n aurez qu payer le frais de retour et de nouvel envoi nous vous demanderons de photo de la bague et attendrons de le recevoir avant de vous envoyer une autre taille vous voulez faire comme deuxi option si la bague est ray e et n est pa neuve nous pouvons vous accorder une remise importante pour en acheter une autre et vous pouvez offrir votre ancienne bague quelqu un ou la recycler comme n importe quel produit lectronique n h sitez pa nous faire savoir quelle option vous convient le mieux honteux pour information oui la bague est fortement marqu e ray e apr seulement 3 jours une utilisation normale et je suis informaticien et pa canicien sans r ponse positive soit du remboursement soit un change par la bonne taille gratuitement je porterai plainte par voix avocat je n h siterai pa payer un avocat pour ne pa laisser faire par ce pratiques commerciales honteuse reponse votre reponse si vous ne vous etiez pa trompe dans votre emballage et dans votre envoi je n en serai pa la vous etes de voleurs je ne suis pa responsable de vos problemes envoi comment je suis cens savoir que votre emballage ne corresponds pa votre produit je vais de suite porter plainte je prefere payer 1500 euro avocats plutot que de vous laisser gagner sur ce conflt;1
bonjour bonjour part le probl me r current concernant le remont e information de la bague l application il serrait souhaitable de pouvoir modifier manuellement le heures du coucher en effet en ca inactivit du soir devant une mission de tv la bague passe en mode de sommeil ce qui donne au matin de fausses information de notre nuit excellente fin apr midi;2
une version slim qui fait la diff rence une version slim qui fait clairement la diff rence fiable et discr te niveau software le phase de sommeil ne sont pa toujours bien tect e surtout pour l veil en attente une synchronisation de donn e en background produit en constante progression qui reste bien au del du niveau de s concurrents;4
bague connect e utile au quotidien bague connect e tr utile pour une utilisation quotidienne et notamment pour me entrainements sportifs suivi fiable et de qualit discr te et esth tique;5
4j et puis ca marche plus rieux de la soci fuir mise jour 14 05 2025 bague renvoy e en cembre dernier apr 1an de bataille avec le service client mail ce jour aucun retour ni remboursement malgr me relances mise jour du 7 juin 2024 92183 echange de mail sur change de mail et le service technique v rifie votre bague revient vers vous de que c est fait merci de faire cette manipulation merci de faire ceci merci de faire cela etc etc ca fait plus de 2 mois la bague march 4j remboursez moi prochain message je poste ici tous le change mail avec votre service client qui dit qu il attend le retour de votre service technique vous ne pourrez ainsi pa nier et le client seront inform de votre maniere de faire plus de 40 mail chang avec votre service client qui n de cesse de dire que le service technique va bient r pondre il n rien de compliqu la bague fonctionn 4j vous donnez un bon de retour et vous remboursez la totalit de la somme pay e pour l achat de cette bague hello avis que tous le autres commentaires bagues ue il 4j apr de mois attente avec une date de livraison repouss e de mois en mois je voulais absolument une bague connect e et circular ring slim semblait la bague la plus aboutit et circular une soci fiable quelle erreur ring slim h 4j apr l avoir ue contact par mail service client hier r ponse une ia sans int r je rempli le formulaire sur leur site une cata ca demande nom pr nom commande num ro du code bar sur la boite je rempli le tout valide et la j ai de erreurs en gros il faut un dans tous le champ donc oblig de mettre mon mail dans le champ num ro de commande dans le champ nom pr nom et idem dans le champ snu qr code je ne sais meme pa si mon message est parvenue au service client rien ne va sur leur site peut voir bague tanche ipx8 sur leur site dans la faq et ipx7 dans un mail u du 22mars autre point la bague est garantie 1an comment est ce possible puisque la garantie l gale en france est de 2ans adresse de la soci dans le mail u 34 avenue de champ elys e 75008 paris peut voir sur le site pappers fr que cet tablissement secondaire est ferm depuis le 03 11 2023 car nagement et que la soci est maintenant au 78 av de champ elysees 75008 paris 8 jour sur leur site bref pourrait dire que c est de tail mais il une foultitude de tail de ce type qui ne font absolument pa rieux pour une soci francaise de cette taille j esp r tre totalement rembours de bague h qui n jamais vraiment fonctionn e vibre quand elle le veut ajout de prise de dicament dans l appli mais rien ne se sauvegarde connexion bluetooth fonctionnant 1 coup sur 2 et j en oubli surement mais au vu de exp riences de chacun j ai de doutes affaire suivre je ne manquerai pa de mettre jour mon commentaire en fonction de la r action du service client je laisse donc mon num ro de commande ici;1
tr satisfaite r ponse circular;5
excellent je recommande le bagues circular 100;5
super produit et rapport qualit prix je recommande je laisse rarement de commentaires sur le produits que j ach te mais pour le coup je suis vraiment fan de ce produit circular est tout simplement g nial non seulement il permet de suivre la qualit de mon sommeil pour l liorer mais il fait tellement plus que autant plus que le c discret le rend beaucoup plus pratique qu une montre ou un bracelet ayant le me fonctions par exemple et que je trouve en g n ral un peu encombrants je ne r alise plus quel point je l utilise;5
je fais partie de contributeurs de la premi heure ceux qui ont cru en votre vision qui ont investi non seulement de l argent mais de la confiance en retour nous avon eu droit quo voir plus;1
j aime le fait qu il n ait pa besoin abonnement la bague et l application fonctionnent parfaitement ensemble et j obtiens toutes le information dont j ai besoin sans frais suppl mentaires;5
bague qui fonctionner 2 ou 3jours service client contact dans la foul e garantie 92183 aucune r activit apres 8mois change il demandent de renvoyer la bague pour remboursement voir plus;1
une version slim qui fait clairement la diff rence fiable et discr te niveau software le phase de sommeil ne sont pa toujours bien tect e surtout pour l veil en attente une synch voir plus;4
exp rience tr positive merci circular j ai achet cette bague afin de suivre mon bien tre au quotidien fait un peu plus un mois que je la teste et pour l instant je ne suis pa u une part je trouve la bague tr fine c est un avantage de taille je ne voulais pa sentir une montre constamment mon poignet de jour comme de nuit et j ai donc trouv cette alternative qui est top circular poss de une application tr compl te il beaucoup de fonctionnalit comme pouvoir se faire r veiller doucement grace aux vibration et liorer son cycle de sommeil gr ce un suivi quotidien information sp cifique que la bague fournit je recommande vraiment pour ceux qui cherchent liorer leur bien tre au quotidien;5
super bague j ai command cette bague j ai u temp et je suis tr satisfait un de meilleurs achats que j ai fait;5
c est une bague qui est bien sign e c est une bague qui est bien sign e mais aussi de haute technologie et tr satisfaisante pour le mesures sommeil cardiaques spo2 j adore le coaching sommeil la vague est tr l g et confortable;5
bague tr l g et esth tique bague tr l g et esth tique etant sportive il est important pour moi de suivre le donn e que l application de circular le propose je suis satisfaite du mon achat;5
tr satisfait de la bague tr surpris par la bague que je n imaginais pa etre aussi pr cise elle fourni de information taill e sur mon activit et particuli rement au sport et dans mon sommeil le conseils de l application ont permis liorer mon sommeil et r cup ration plus jolie et aussi pr cise que montre connect e je ne en pare plus;5
excellent produit excellent produit une bague pratique pour le monitoring sant sport avec un design l gant et minimaliste;5
circular beaucoup aid circular beaucoup aid sur me cycle du sommeil et norm ment autres l ments li comme mon nergie globale;5
le r veil par vibration le r veil par vibration une bague l g et pratique avec de fonctionnalit utiles je suis tr satisfaite de l avoir;5
tr bon produit tr satisfait de mon produit il correspond tout fait ce que j attendais;5
c est pratique et cool c est pratique et cool bonne bague et bon app;5
achet en 2023 fonctionne correctement achet en 2023 fonctionne correctement depuis plusieurs mois maintenant;5
tr bon produit devenue indispensable;5
superbe bague superbe bague j arrive bien voir me information le support est top tr r actif;5
un indispensable discret et l gant qui vous change la vie j ai r cemment eu l occasion acheter cette bague connect e et je doi dire que je suis tr impressionn par s fonctionnalit et son design la bague est vraiment sympa et discr te ce qui la rend parfaite pour un usage quotidien j appr cie particuli rement le fonctionnalit qu elle offre je l utilise notamment pour analyser mon activit physique au repos ou lors de me entra nements sportifs c analyse de mon rythme cardiaque calcul de mon vo2 max de plus kira donne de nombreuses recommendation enfin j aime beaucoup la fonctionnalit de r veil inteligent je r veille tous le matin en forme et plein nergie en r sum je suis tr satisfait de cette bague connect e et je la recommande vivement quiconque recherche un accessoire la fois l gant et fonctionnel pour rester connect au quotidien et liorer sa qualit de vie;5
belle et intelligente magnifique exp rience car tant une femme j appr cie son design sa finesse et sa l g ret et tant sportive elle correspond parfaitement me attentes de calculs de distance parcourues et de calorie pen e c sommeil j appr cie norm ment le r veil intelligent fonction qui permet tre r veill e dans une zone de sommeil l ger innovant et fiable en ce qui concerne belle couverte et il reste encore pa mal de donn e collect e tudier;5
bague innovente et utile j ai u bague depuis 6 mois je suis content de l avoir et plut satisfait de s fonctionnalit;4
super la bague et excellente je la recommande fortement;5
tr satisfaite de la bague je suis tr satisfaite de bague circular la livraison eu lieu rapidement et l utilisation de l application est tr intuitive j ai achet la bague pour liorer mon sommeil et apr 1 semaine utilisation je constate j de liorations;5
tr satisfait la bague remplie bien s fonctions j en suis tr satisfait je recommande;5
un barom tre que je consulte tous le matins tous le matins je consulte mon score de sommeil et cela incite faire attention pour la journ e et la nuit suivante;5
je fais partie de contributeurs de la premi heure ceux qui ont cru en votre vision qui ont investi non seulement de l argent mais de la confiance en retour nous avon eu droit quo voir plus;1
j aime le fait qu il n ait pa besoin abonnement la bague et l application fonctionnent parfaitement ensemble et j obtiens toutes le information dont j ai besoin sans frais suppl mentaires;5
bague qui fonctionner 2 ou 3jours service client contact dans la foul e garantie 92183 aucune r activit apres 8mois change il demandent de renvoyer la bague pour remboursement voir plus;1
une version slim qui fait clairement la diff rence fiable et discr te niveau software le phase de sommeil ne sont pa toujours bien tect e surtout pour l veil en attente une synch voir plus;4
bague ensorcelante ensorcelante avec s pierre de lune et toiles cette bague fait oublier tous me soucis;5
merci circular circular permet de monitorer le cycle de sommeil et suivre l volution de la sant;5
parfait de la commande l utilisation parfait de la commande l utilisation du produit je cherchais une bague avec ce fonctionnalit depuis un moment je l ai enfin trouv e;5
produit g nial ce produit est super il permet de garder un suivi r gulier de sant en plus tre facile utiliser;5
tr satisfait objet pratique et qui fournit de information taill e je recommande;5
facile utiliser et donne beaucoup facile utiliser et donne beaucoup information;5
super produit super produit fonctionnalit top facile utiliser design sympa;5
j ai recu la slim il 4 mois j ai recu la slim il 4 mois la vibration est cool mais la synchronisation est assez longue voir dans le prochains mois suite me diff rent test utilisation;4
excellent produit et service excellent produit service client au top;5
par quoi commencer l attente de la bague un cauchemar j ai accept l envoi que vous avez fait sans mon accord uniquement parce que vous aviez dit que je devais attendre 16 semaines pour le remboursement et je n tai pa r que vous ayez l argent pour rembourser la seule chose que fait la bague mais pa de mani tr fiable c est tecter le sommeil cependant le valeurs sont tr diff rente de celles de mon garmin la fr quence cardiaque est totalement al atoire lors une v rification de mesures en direct elle affiche toujours plus ou moins le me valeurs peu importe si je entra ne ou si je fais une sieste sur le canap jamais en dessous de 50 jamais au dessus de 90 j ai eu plusieurs probl me appairage et il une semaine 4 semaines apr l avoir ue la bague est morte sol tre si n gatif mais cela pourrait il tre pire;1
le bagues le bagues pa encore au point comme s concurrents le bagues circular que j ai depuis 3 mois manque de pr cision en plus le temp de chargement de donn e que je fais le matin prend de plombes l ia kira est pour moi presque inutile c est presque tous le jours le me retours avec l analyse peu approfondie;3
pa satisfaite la bague souvent de beug pa agr able porter il de party abrasive et un bout de plastique est cass et donc il un trou donc vous pouvez comprendre que pour moi la qualit de cette bague n est pa la hauteur de son prix et je vous parle pa du lais de livraison 18 mois bref tr ue j essaierai la bague samsung pour voir;2
triste experience bague est fectueuse triste experience bague est fectueuse deja renvoy e et de mois attente et de nouveau probl de buetooh et le mois passent et rien ne bouge;1
super produit super produit la bague slim que j ai command est vraiment bien elle ne g ne pa du tout je la porte facilement la nuit;4
fuyez j attends le remboursement partiel de bague fectueuse depuis le 06 02 j14 un retour colis pourtant act le 23 01 toujours de r pons standardis e navr sol je comprends nous faisons le maximum bug technique service financier en reste un non respect lib r de engagement crits et parall lement depuis le 05 01 je demande lib r ment le coordonn e du diateur de la consommation dont pend l entreprise ce renseignement pourtant obligatoire ne figure ni sur le site de circular ni sur le cgv ni sur le bons de commande et je n ai toujours aucune r ponse malgr le demandes r p e 2 violation lib r e de lois r gissant le commerce lectronique le service client ne r pond plus pour la r ponse corcular pa la peine en publier une nouvelle type nous somme sol nous faisons le max merci de contacter le service client ou nous n avon pa vos coordonn e lmon num ro de commande est le 2112680573 suite r ponse circular oui je confirme le remboursement apr avoir post cet avis un hasard sans aucun doute;1
beaucoup attente mais satisfaite beaucoup attente avant enfin recevoir la bague aux diff rente probl matiques de l entreprise fabriquer le diff rent composants mais le service client est tr r actif et donne de info jour quand contact la bague fonctionne tr bien je l utilise depuis plusieurs mois et j en suis satisfaite;4
command depuis novembre en stock ce cest pa vrai peut tre il til quelqu un finalement 3eme commentaires et le num ro de commande n tait pa affich sur le 1er seulement oui il sagit de mon mari qui peine vous joindre donc je suis dis que en donnant un avis je nai pa mi son nom car nous somme sur internet merci de lavoir inscrit vous cest pro n h sitez pa prendre contact avec lui avec le mail de sa commande ou rembours le cest mieux ira chez samsung bon apr votre r ponse il agit bien l de l ia puisque le num ro de commande est indiqu ci dessous command depuis novembre en stock ce moment l dans l attente de r ception pour vite la renvoyer et faire rembourser sans l essayer il ont bafou le made france respectez vos client et repondez votre chat ia est insupportable commande de mon mari je ne mets pa son nom ici commande num ro s92149 du 24 novembre 23 j invite le personnes humaines r pondre pappers entreprise circular 850542804 bague ue chargeur cadeau propos en guise de geste commercial pour l attente de 4mois mais oubli dans le colis visiblement sinon gadget plut int ressant et l application est bien faite;1
j ai bien u le kit de sizing et j ai bien u le kit de sizing et bague est bien taille c est pa mal pour l instant r;5
tr content du produit tr content du produit c est ce que j attendais si le chargeur pourrais tre un peu plus pratique merci;4
bague de bonne qualit et ue dans bague de bonne qualit et ue dans le temp je recommande;4
je fais partie de contributeurs de la premi heure ceux qui ont cru en votre vision qui ont investi non seulement de l argent mais de la confiance en retour nous avon eu droit quo voir plus;1
j aime le fait qu il n ait pa besoin abonnement la bague et l application fonctionnent parfaitement ensemble et j obtiens toutes le information dont j ai besoin sans frais suppl mentaires;5
bague qui fonctionner 2 ou 3jours service client contact dans la foul e garantie 92183 aucune r activit apres 8mois change il demandent de renvoyer la bague pour remboursement voir plus;1
une version slim qui fait clairement la diff rence fiable et discr te niveau software le phase de sommeil ne sont pa toujours bien tect e surtout pour l veil en attente une synch voir plus;4
aucun respect de la protection du consommateur cf change pr c dent 05 02 et 12 02 selon la directive europ enne sur le droits de consommateurs 2011 83 ue lorsqu un consommateur ach te un produit en ligne il dispose un droit de r tractation de 14 jours compter de la r ception du produit ce droit lui permet de renvoyer le produit sans avoir justifier de motif ni payer de p nalit ce que j ai fait le 19 01 j ai donc u un mail de confirmation de circular le colis tait r ceptionn et je serai rembours dans le 14 jours c est crit sauf que mon dossier beau tre trait circular ne se conforme pa du tout s obligation l gale car une fois le produit retourn l article 13 de la directive indique que le vendeur est tenu de rembourser tous le paiements u du consommateur compris le frais de livraison standard sans retard excessif et en tout tat de cause au plus tard 14 jours compter du jour il est inform de la cision du consommateur de se r tracter et ce jour 13 02 je n ai toujours rien et circular beau argumenter hier que trait ne veut pa dire que l toujours ce que l souhaite car il de r gles et de pratiques pr cis suivre bon courage c est le comble rien ne le douane de se conformer la loi et donc adapter leurs pratiques la loi et pa l inverse et si ce n est pa un forum quelqu un ou circular qui semble plus r actif sur trustpilot que via le service client classique pourrait il communiquer le coordonn e mail du diateur de la consommation dont pend cette entreprise info qui n est selon circular toujours pa communicable malgr me demandes r p e peut tre que cette institution saura le obliger se conformer leurs obligation l gale ou tout autre conseil autre que le niaiseries st r otyp e du sav et pour info toujours la commande 2109658059 15 02 alors circular vous avez effac votre r ponse hier vous avez contact un juriste de votre boite qui vous remis la te l endroit et vous expliqu que dans la start nation vous devez vous conformer vos obligation l gale donc je r question qui n au final pa eu de r ponse quelles sont le coordonn e du diateur de la consommation dont pend votre entreprise je vous rappelle il en tait besoin que la directive 2013 11 ue l article l 611 1 du code de la consommation france et l ordonnance n 2015 1033 du 20 ao 2015 et cret n 2015 1382 du 30 octobre 2015 france imposent aux vendeurs en ligne de communiquer le coordonn e du diateur de la consommation ensuite la temporalit du recours regarde je g rerai sans vos conseils 19 02 2024 je confirme le remboursement effectu ce jour je confirme aussi tous me crits pr c dent le cart volontaires et r r de cette entreprise envers s obligation commerciales l gale je vais conseiller me proches eux aussi en difficult de remboursement de venir le tailler sur cette plateforme seule faut il croire capable de faire au final et tardivement changer votre attitude;1
c est un produit qui ne r pond ni ne c est un produit qui ne r pond ni ne correspond la description qui en est faite r ception plusieurs mois apr la date initiale autonomie de moins de trois jours en mode performance en tant gentil ne tecte pa certains r veil nocturne ne sait pa comment est calcul le niveau de stress toute la partie calibration de la bague est en anglais si r gle la bague sur une autre langue bref une belle ception par rapport la pr sentation qui en est faite sur le site web;1
de gros voleurs de gros voleurs arriver avec un probl de taille produit plastique cheap et cher retour sou 7 jours pour attendre un remboursement qui ne viendra jamais fuyez 4 mois que j attend le remboursement c est une honte entreprise qui rite de couler;1
produit inexistant depuis bient six mois je suis dans l attente une hypoth tique livraison j ai command en septembre la premi version de la bague avant qu elle soit renomm e en mod le pro depuis l arriv e de la version slim que l aussi propos acqu rir prix r duit la bonne blague lors de commande il tait pr ci que le livraisons auraient lieu en novembre j ai h sit et dommage que je n ai pa couvert avant le avis de client arnaqu sur ce site cela aurait vit de l tre mon tour cette soci pr sent e comme fran aise avec une de soi disant meilleures exp riences de bagues sant connect e n est pa rieuse elle vend de produits qu elle n pa en stock ou pa encore fabriqu et propose r guli rement de ventes qui durent quelques jours je suppose lorsque le cash commence manquer dans le caisses et elle n envoie jamais le article n il pa moyen de poser une plainte collective contre ce type de pratique c est quand plus de 300 euro la bague vraiment lamentable;1
surement une arnaque pire entreprise laquelle j ai pu avoir affaire apr avoir repouss sans cesse la livraison pendant 6 mois j ai demand un remboursement bien sur il ne voulaient pa rembourser le sizing kit puisque je l avais u j ai du faire une demande de remboursement sur paypal et fait 1 mois que j attends le service client est en anglais seulement et le 3 4 du temp c est surement un bot qui r pond je commence croire que jamais je ne serai rembours edit du 07 03 2024 ce jour je n ai u aucun remboursement de la part de circular pr de 4 mois apr en avoir fait la demande je n esp plus rien de cette entreprise edit du 09 06 2024 j attends toujours mon remboursement et le support sort toujours de oui je comprends va contacter le service financier il vont occuper de vous va bient faire 7 mois que j essaye de faire rembourser 52 mail avec le service client bon courage si vous avez achet chez eux;1
marque fuir marque fuir aucun respect pour ce client un service client plorable j ai envoy 2 mail sans r ponse aux troisi mail j ai u une r ponse car bague est en panne apr presque 1 mois change par mail pour demander une r paration demande toujours attendre qu il peuvent r parer distance jamais vu un service client aussi nul dommage pour une marque fran aise samsung annonc sa bague je sais ou je vais mettre mon argent la prochaine fois;1
arnaque arnaque ne pa commander chez eux vous allez perdre de l argent;1
cocorico cocorico doit tre fi une entreprise fran aise qui prends s client pour de imb ciles bague command e octobre pour livraison novembre ce qui est j un lai important pour ce type de mat riel et toujours rien u mais le pire n est pa l le support est une catastrophe aucun contact humain possible sans passer par une ia bile et incapable de fournir de r pons sur le lais que ce soit par chat ou par mail c est la chose dans l absolu je pourrais comprendre de retard de production mais un tel suivi client est intol rable j esp que cette bague si je la ois un jour serum au moins la hauteur;1
fuyez c est une arnaque fuyez c est une arnaque j ai pay et command bague il 1 et demi et toujours pa livr personne ne r pond aux email fuyez;1
fuire plus un que j attend bague plus de 2 mois que j attend le remboursement maintenant ce sont soit disant leurs remboursements qui ne fonctionnent pa et je doi passer par paypal demande sur paypal faite quel delai vont il encore annoncer fuire j ai u la bague connectee oura en quelques jours;1
la cata commande r ali e en janvier 2023 toujours rien u le service client ne fait aucune com et aucun suivi rarement vu un truc pareil modification de mon commentaire suite votre r ponse 3 mois apr mon commentaire pour dire de mettre un message au service client ce que j ai bien r fait au moins 5 ou 6 fois j ai fait hier une demande de remboursement et annulation de commande 12 mois apr l avoir pas e et sans n avoir jamais rien u je noterai ici le r pons que j obtiens;1
proscrire presque aucun suivi aupr du client apr quelques mois de passement de la date de livraison pr vue r ponse du service la client le apr plusieurs communication remboursement du produit lent long et qui prendra plus de 1 mois;1
fuir commande pas e il deux mois et pa de nouvelle du vendeur service client c r fuir;1
plus un toujours rien pr command en f vrier 2022 avec paiement int gral et toujours rien date sans cesse repouss e pa de r ponse fuyez;1
exp rience client catastrophique j ai command une bague en mai 2022 ensuite un peu comme tout le monde j ai attendu tr longtemps jamais aucun update de circular qui se f ouvertement de s client chaque fois que je leur crivais il disaient que je recevrais mon colis le mois suivant puis j ai craqu demand un remboursement au bout de plus un j ai du insister j ai u de r pons en anglais en fran ai toujours copi coll jamais aucune excuse pa un bonjour ni un merci rien en plus tre l une de pires entreprises que j ai pu voir je n ai jamais vu un service client qui se moque aussi royalement de la satisfaction de s client bref fuyez si votre achat se passe bien il ne feront pa long feu ce rythme et il font faillite plus appli qui va avec la bague;1
peu professionnel une anarque bague command e depuis un de retours chat quand question po e mais une date de livraison sans cesse repouss e si la derni date donn e la bague n est pa livr e demande de remboursement;1
incapacit de livrer command un anneau en juin 2022 et toujours pa livr le lais n arr tent pa tre repouss le r pons de leur support sont pr format e et irrespectueuses de leurs client j ai demand un remboursement;1
arnaque arnaque le 30 03 2022 j ai command et pay le mod le pour la taille 13 99 apr le avoir u j ai command cde1958690335 et pay le mod le finitif le 10 06 2022 267 99 je n ai toujours rien u lorsque je demande de information je n obtiens aucune r ponse j ai arnaqu de 281 98 fuir j ai effectivement livr mais le 15 08 2023 soit 1 5 an plus tard la bague ue ne fonctionnait pa apr bien de tractations promis de livrer une bague nouvelle version courant janvier 2023 il reste 15 jours wait see;1
rien recu alors que la commande date du 27 02 2022 comme beaucoup j ai l impression toujours rien u alors que j ai command bague le 27 02 2022 aucune communication aucune r ponse aux demandes un tchat sur le site qui ne sert rien aucun moyen de demander un remboursement fuyez;1
